"","x"
"1","10249.C001.02SS"
"2","10249.C001.03SS"
"3","10249.C001.04SS"
"4","10249.C001.05SS"
"5","10249.C001.06SS"
"6","10249.C001.07SS"
"7","10249.C001.08SS"
"8","10249.C001.09SS"
"9","10249.C001.10SS"
"10","10249.C001.11SS"
"11","10249.C001.12SS"
"12","10249.C001.13SS"
"13","10249.C001.14SS"
"14","10249.C001.15SS"
"15","10249.C001.16SS"
"16","10249.C001.17SS"
"17","10249.C001.18SS"
"18","10249.C001.19SS"
"19","10249.C001.20SS"
"20","10249.C001.21SS"
"21","10249.C001.22SS"
"22","10249.C001.23SS"
"23","10249.C001.24SS"
"24","10249.C001.25SS"
"25","10249.C001.26SS"
"26","10249.C001.27SS"
"27","10249.C001.28SS"
"28","10249.C001.29SS"
"29","10249.C001.30SS"
"30","10249.C001.31SS"
"31","10249.C001.32SS"
"32","10249.C001.34SD"
"33","10249.C001.34SS"
"34","10249.C001.35SS"
"35","10249.C001.36SD"
"36","10249.C001.36SS"
"37","10249.C001.37SD"
"38","10249.C001.37SS"
"39","10249.C001.38SS"
"40","10249.C001.39SS"
"41","10249.C001.40SS"
"42","10249.C001.41SS"
"43","10249.C001.42SS"
"44","10249.C002.01SS"
"45","10249.C002.02SS"
"46","10249.C002.03SS"
"47","10249.C002.04SS"
"48","10249.C002.05SS"
"49","10249.C002.06SS"
"50","10249.C002.07SS"
"51","10249.C002.08SS"
"52","10249.C002.09SS"
"53","10249.C002.10SS"
"54","10249.C002.11SS"
"55","10249.C002.12SS"
"56","10249.C002.13SS"
"57","10249.C002.14SS"
"58","10249.C002.15SS"
"59","10249.C002.16SS"
"60","10249.C002.17SS"
"61","10249.C002.18SS"
"62","10249.C002.19SD"
"63","10249.C002.19SS"
"64","10249.C002.20SS"
"65","10249.C002.21SD"
"66","10249.C002.21SS"
"67","10249.C002.22SS"
"68","10249.C002.23SS"
"69","10249.C004.01SS"
"70","10249.C004.02SS"
"71","10249.C004.03SS"
"72","10249.C004.04SS"
"73","10249.C004.05SS"
"74","10249.C004.06SS"
"75","10249.C004.07SS"
"76","10249.C004.08SS"
"77","10249.C004.09SS"
"78","10249.C004.10SS"
"79","10249.C004.11SS"
"80","10249.C004.12SS"
"81","10249.C004.13SS"
"82","10249.C004.14SS"
"83","10249.C004.15SS"
"84","10249.C004.16SD"
"85","10249.C004.16SS"
"86","10249.C005.01SS"
"87","10249.C005.02SS"
"88","10249.C005.03SS"
"89","10249.C005.04SS"
"90","10249.C005.05SS"
"91","10249.C005.07SS"
"92","10249.C005.08SS"
"93","10249.C005.09SS"
"94","10249.C005.10SS"
"95","10249.C005.11SS"
"96","10249.C005.12SS"
"97","10249.C005.13SS"
"98","10249.C005.14SS"
"99","10249.C005.15SS"
"100","10249.C005.16SS"
"101","10249.C005.17SS"
"102","10249.C005.18SS"
"103","10249.C005.19SD"
"104","10249.C005.19SS"
"105","10249.C005.20SS"
"106","10249.C005.21SD"
"107","10249.C005.21SS"
"108","10249.C005.22SS"
"109","10249.C005.23SS"
"110","10249.C005.24SS"
"111","10249.C007.01SS"
"112","10249.C007.02SS"
"113","10249.C007.03SS"
"114","10249.C007.04SS"
"115","10249.C007.05SS"
"116","10249.C007.06SS"
"117","10249.C007.07SS"
"118","10249.C007.08SS"
"119","10249.C007.09SS"
"120","10249.C007.10SS"
"121","10249.C007.11SS"
"122","10249.C007.12SS"
"123","10249.C007.13SS"
"124","10249.C007.14SS"
"125","10249.C007.15SS"
"126","10249.C007.16SS"
"127","10249.C007.17SS"
"128","10249.C007.18SS"
"129","10249.C007.19SS"
"130","10249.C007.20SS"
"131","10249.C007.21SS"
"132","10249.C007.22SD"
"133","10249.C007.22SS"
"134","10249.C007.23SD"
"135","10249.C007.23SS"
"136","10249.C007.24SD"
"137","10249.C007.24SS"
"138","10249.C007.25SS"
"139","10249.C007.26SS"
"140","10249.C007.27SS"
"141","10249.C007.29SS"
"142","10249.C007.30SS"
"143","10249.C008.01SS"
"144","10249.C008.02SS"
"145","10249.C008.03SS"
"146","10249.C008.04SS"
"147","10249.C008.05SS"
"148","10249.C008.06SS"
"149","10249.C008.07SS"
"150","10249.C008.08SS"
"151","10249.C008.09SS"
"152","10249.C008.10SS"
"153","10249.C008.11SS"
"154","10249.C008.12SS"
"155","10249.C008.13SS"
"156","10249.C008.14SS"
"157","10249.C008.15SS"
"158","10249.C008.16SD"
"159","10249.C008.16SS"
"160","10249.C008.17SD"
"161","10249.C008.17SS"
"162","10249.C008.18SS"
"163","10249.C009.01SS"
"164","10249.C009.02SS"
"165","10249.C009.03SS"
"166","10249.C009.04SS"
"167","10249.C009.05SS"
"168","10249.C009.06SS"
"169","10249.C009.07SS"
"170","10249.C009.08SS"
"171","10249.C009.09SS"
"172","10249.C009.10SS"
"173","10249.C009.11SS"
"174","10249.C009.12SS"
"175","10249.C009.13SS"
"176","10249.C009.14SS"
"177","10249.C009.16SS"
"178","10249.C009.17SS"
"179","10249.C009.18SD"
"180","10249.C009.18SS"
"181","10249.C009.19SS"
"182","10249.C009.20SD"
"183","10249.C009.20SS"
"184","10249.C009.21SS"
"185","10249.C009.22SS"
"186","10249.C010.01SS"
"187","10249.C010.02SS"
"188","10249.C010.03SS"
"189","10249.C010.04SS"
"190","10249.C010.05SS"
"191","10249.C010.06SS"
"192","10249.C010.07SS"
"193","10249.C010.08SS"
"194","10249.C010.09SS"
"195","10249.C010.10SS"
"196","10249.C010.11SS"
"197","10249.C010.12SS"
"198","10249.C010.13SS"
"199","10249.C010.14SS"
"200","10249.C010.15SS"
"201","10249.C010.16SS"
"202","10249.C010.17SS"
"203","10249.C010.18SD"
"204","10249.C010.18SS"
"205","10249.C010.19SS"
"206","10249.C010.20SD"
"207","10249.C010.20SS"
"208","10249.C010.21SS"
"209","10249.C011.01SS"
"210","10249.C011.02SS"
"211","10249.C011.03SS"
"212","10249.C011.04SS"
"213","10249.C011.05SS"
"214","10249.C011.06SS"
"215","10249.C011.07SS"
"216","10249.C011.08SS"
"217","10249.C011.09SS"
"218","10249.C011.10SS"
"219","10249.C011.11SS"
"220","10249.C011.12SS"
"221","10249.C011.13SD"
"222","10249.C011.14SS"
"223","10249.C011.15SS"
"224","10249.C011.16SS"
"225","10249.C011.17SD"
"226","10249.C011.17SS"
"227","10249.C011.18SS"
"228","10249.C011.19SD"
"229","10249.C011.19SS"
"230","10249.C011.20SS"
"231","10249.C011.21SS"
"232","10249.C012.01SS"
"233","10249.C012.02SS"
"234","10249.C012.03SS"
"235","10249.C012.04SS"
"236","10249.C012.05SS"
"237","10249.C012.06SS"
"238","10249.C012.07SS"
"239","10249.C012.08SS"
"240","10249.C012.09SS"
"241","10249.C012.10SS"
"242","10249.C012.11SS"
"243","10249.C012.12SS"
"244","10249.C012.13SS"
"245","10249.C012.14SS"
"246","10249.C012.15SS"
"247","10249.C012.16SS"
"248","10249.C012.17SS"
"249","10249.C012.18SS"
"250","10249.C012.19SD"
"251","10249.C012.19SS"
"252","10249.C012.20SS"
"253","10249.C012.21SD"
"254","10249.C012.21SS"
"255","10249.C012.22SD"
"256","10249.C012.22SS"
"257","10249.C014.01SS"
"258","10249.C014.02SS"
"259","10249.C014.03SS"
"260","10249.C014.04SS"
"261","10249.C014.05SS"
"262","10249.C014.06SS"
"263","10249.C014.07SS"
"264","10249.C014.08SS"
"265","10249.C014.09SS"
"266","10249.C014.10SS"
"267","10249.C014.12SS"
"268","10249.C014.13SS"
"269","10249.C014.14SS"
"270","10249.C014.15SS"
"271","10249.C014.16SS"
"272","10249.C014.17SS"
"273","10249.C014.18SS"
"274","10249.C014.19SD"
"275","10249.C014.19SS"
"276","10249.C014.20SD"
"277","10249.C014.20SS"
"278","10249.C014.21SS"
"279","10249.C014.22SS"
"280","10249.C016.01SS"
"281","10249.C016.02SS"
"282","10249.C016.03SS"
"283","10249.C016.04SS"
"284","10249.C016.05SS"
"285","10249.C016.06SS"
"286","10249.C016.07SS"
"287","10249.C016.08SS"
"288","10249.C016.09SS"
"289","10249.C016.10SS"
"290","10249.C016.11SS"
"291","10249.C016.12SS"
"292","10249.C016.13SS"
"293","10249.C016.14SS"
"294","10249.C016.15SS"
"295","10249.C016.16SD"
"296","10249.C016.16SS"
"297","10249.C016.17SS"
"298","10249.C016.18SS"
"299","10249.C016.19SS"
"300","10249.C016.20SS"
"301","10249.C016.21SD"
"302","10249.C016.21SS"
"303","10249.C016.22SD"
"304","10249.C016.22SS"
"305","10249.C016.23SS"
"306","10249.C016.24SS"
"307","10249.C017.01SS"
"308","10249.C017.02SS"
"309","10249.C017.03SS"
"310","10249.C017.04SS"
"311","10249.C017.05SS"
"312","10249.C017.06SS"
"313","10249.C017.07SS"
"314","10249.C017.08SS"
"315","10249.C017.09SS"
"316","10249.C017.10SS"
"317","10249.C017.11SS"
"318","10249.C017.12SS"
"319","10249.C018.01SS"
"320","10249.C018.02SS"
"321","10249.C018.03SS"
"322","10249.C018.04SS"
"323","10249.C018.05SS"
"324","10249.C018.06SS"
"325","10249.C018.07SS"
"326","10249.C018.08SS"
"327","10249.C018.09SS"
"328","10249.C018.10SS"
"329","10249.C018.11SD"
"330","10249.C018.11SS"
"331","10249.C018.12SD"
"332","10249.C018.12SS"
"333","10249.C018.13SS"
"334","10249.C018.14SS"
"335","10249.C018.15SS"
"336","10249.C018.16SS"
"337","10249.C018.17SS"
"338","10249.C018.18SS"
"339","10249.C018.19SS"
"340","10249.C020.01SS"
"341","10249.C020.02SS"
"342","10249.C020.03SS"
"343","10249.C020.04SS"
"344","10249.C020.05SS"
"345","10249.C020.06SS"
"346","10249.C020.07SS"
"347","10249.C020.08SS"
"348","10249.C020.09SS"
"349","10249.C020.10SS"
"350","10249.C020.11SS"
"351","10249.C020.12SS"
"352","10249.C020.13SS"
"353","10249.C020.14SS"
"354","10249.C020.15SS"
"355","10249.C020.16SS"
"356","10249.C020.17SS"
"357","10249.C020.18SS"
"358","10249.C020.19SS"
"359","10249.C020.20SS"
"360","10249.C020.21SS"
"361","10249.C020.22SD"
"362","10249.C020.22SS"
"363","10249.C020.23SD"
"364","10249.C020.23SS"
"365","10249.C020.24SD"
"366","10249.C020.24SS"
"367","10249.C020.25SD"
"368","10249.C020.25SS"
"369","10249.C020.26SD"
"370","10249.C020.26SS"
"371","10249.C020.27SD"
"372","10249.C020.27SS"
"373","10249.C020.28SS"
"374","10249.C020.29SS"
"375","10249.C021.01SS"
"376","10249.C021.02SS"
"377","10249.C021.03SS"
"378","10249.C021.04SS"
"379","10249.C021.05SS"
"380","10249.C021.06SS"
"381","10249.C021.07SS"
"382","10249.C021.08SS"
"383","10249.C021.09SS"
"384","10249.C021.10SS"
"385","10249.C021.11SS"
"386","10249.C021.12SS"
"387","10249.C021.13SS"
"388","10249.C021.14SS"
"389","10249.C021.15SS"
"390","10249.C022.01SS"
"391","10249.C022.02SS"
"392","10249.C022.03SS"
"393","10249.C022.04SS"
"394","10249.C022.05SS"
"395","10249.C022.06SS"
"396","10249.C022.07SS"
"397","10249.C022.08SS"
"398","10249.C022.09SS"
"399","10249.C022.10SS"
"400","10249.C022.11SS"
"401","10249.C022.12SS"
"402","10249.C022.13SS"
"403","10249.C022.14SS"
"404","10249.C022.15SS"
"405","10249.C022.16SS"
"406","10249.C022.18SD"
"407","10249.C022.18SS"
"408","10249.C022.19SS"
"409","10249.C022.20SS"
"410","10249.C022.21SS"
"411","10249.C023.01SS"
"412","10249.C024.01SS"
"413","10249.C024.02SS"
"414","10249.C024.03SS"
"415","10249.C024.04SS"
"416","10249.C024.05SS"
"417","10249.C024.06SS"
"418","10249.C024.07SS"
"419","10249.C024.08SS"
"420","10249.C024.09SS"
"421","10249.C024.10SS"
"422","10249.C024.12SS"
"423","10249.C024.13SS"
"424","10249.C024.14SS"
"425","10249.C024.15SS"
"426","10249.C024.16SS"
"427","10249.C024.17SS"
"428","10249.C024.18SS"
"429","10249.C024.19SD"
"430","10249.C024.19SS"
"431","10249.C024.20SD"
"432","10249.C024.20SS"
"433","10249.C024.21SS"
"434","10249.C024.22SS"
"435","10249.C025.01SS"
"436","10249.C025.02SS"
"437","10249.C025.03SS"
"438","10249.C025.04SS"
"439","10249.C025.05SS"
"440","10249.C025.06SS"
"441","10249.C025.07SS"
"442","10249.C025.08SS"
"443","10249.C025.09SS"
"444","10249.C025.10SS"
"445","10249.C025.11SS"
"446","10249.C025.12SS"
"447","10249.C025.13SD"
"448","10249.C025.13SS"
"449","10249.C025.14SD"
"450","10249.C025.14SS"
"451","10249.C025.15SS"
"452","10249.C025.16SS"
"453","10249.C025.17SS"
"454","10249.C025.18SS"
"455","10249.C025.19SD"
"456","10249.C025.19SS"
"457","10249.C025.20SS"
"458","10249.C025.21SS"
"459","10249.C027.01SS"
"460","10249.C027.02SS"
"461","10249.C027.03SS"
"462","10249.C027.04SS"
"463","10249.C027.05SS"
"464","10249.C027.06SS"
"465","10249.C027.07SS"
"466","10249.C027.08SS"
"467","10249.C027.09SS"
"468","10249.C027.10SS"
"469","10249.C027.11SD"
"470","10249.C027.12SD"
"471","10249.C027.12SS"
"472","10249.C027.13SS"
"473","10249.C027.14SS"
"474","10249.C027.15SS"
"475","10249.C027.16SS"
"476","10249.C027.17SD"
"477","10249.C027.17SS"
"478","10249.C027.18SS"
"479","10249.C027.19SD"
"480","10249.C027.19SS"
"481","10249.C027.20SD"
"482","10249.C027.20SS"
"483","10249.C027.21SS"
"484","10249.C027.22SS"
"485","10249.C030.01SS"
"486","10249.C030.02SS"
"487","10249.C030.03SS"
"488","10249.C030.04SS"
"489","10249.C030.05SS"
"490","10249.C030.06SS"
"491","10249.C030.07SS"
"492","10249.C030.08SS"
"493","10249.C030.09SS"
"494","10249.C030.10SS"
"495","10249.C030.11SD"
"496","10249.C030.11SS"
"497","10249.C030.12SS"
"498","10249.C030.13SS"
"499","10249.C030.14SS"
"500","10249.C030.15SS"
"501","10249.C030.16SS"
"502","10249.C030.17SD"
"503","10249.C030.17SS"
"504","10249.C030.18SS"
"505","10249.C030.19SD"
"506","10249.C030.19SS"
"507","10249.C030.20SS"
"508","10249.C030.21SS"
"509","10249.C031.01SS"
"510","10249.C031.02SS"
"511","10249.C031.03SS"
"512","10249.C031.04SS"
"513","10249.C031.05SS"
"514","10249.C031.06SS"
"515","10249.C031.07SS"
"516","10249.C031.08SS"
"517","10249.C031.09SS"
"518","10249.C031.10SS"
"519","10249.C031.11SD"
"520","10249.C031.11SS"
"521","10249.C031.12SS"
"522","10249.C031.13SS"
"523","10249.C031.14SS"
"524","10249.C031.15SS"
"525","10249.C031.16SS"
"526","10249.C031.17SD"
"527","10249.C031.17SS"
"528","10249.C031.18SS"
"529","10249.C031.19SD"
"530","10249.C031.19SS"
"531","10249.C031.20SS"
"532","10249.C031.21SS"
"533","10249.C032.01SS"
"534","10249.C032.02SS"
"535","10249.C032.03SS"
"536","10249.C032.04SS"
"537","10249.C032.05SS"
"538","10249.C032.06SS"
"539","10249.C032.07SS"
"540","10249.C032.09SS"
"541","10249.C032.10SS"
"542","10249.C032.11SD"
"543","10249.C032.11SS"
"544","10249.C032.12SD"
"545","10249.C032.13SS"
"546","10249.C032.14SS"
"547","10249.C032.15SS"
"548","10249.C032.16SS"
"549","10249.C032.17SS"
"550","10249.C032.19SD"
"551","10249.C032.19SS"
"552","10249.C032.20SD"
"553","10249.C032.20SS"
"554","10249.C032.21SS"
"555","10249.C032.22SS"
"556","10249.C032.23SS"
"557","10249.C033.01SS"
"558","10249.C033.02SS"
"559","10249.C033.03SS"
"560","10249.C033.04SS"
"561","10249.C033.05SS"
"562","10249.C033.06SS"
"563","10249.C033.07SS"
"564","10249.C033.08SS"
"565","10249.C033.09SD"
"566","10249.C033.09SS"
"567","10249.C033.10SD"
"568","10249.C033.10SS"
"569","10249.C033.11SD"
"570","10249.C033.11SS"
"571","10249.C033.12SS"
"572","10249.C033.13SS"
"573","10249.C033.14SS"
"574","10249.C033.15SS"
"575","10249.C033.16SS"
"576","10249.C033.17SD"
"577","10249.C033.17SS"
"578","10249.C033.18SD"
"579","10249.C033.18SS"
"580","10249.C033.19SS"
"581","10249.C033.20SS"
"582","10249.C034.01SS"
"583","10249.C034.02SS"
"584","10249.C034.03SS"
"585","10249.C034.04SS"
"586","10249.C034.05SS"
"587","10249.C034.06SS"
"588","10249.C034.07SS"
"589","10249.C034.08SS"
"590","10249.C034.09SS"
"591","10249.C034.10SS"
"592","10249.C034.11SS"
"593","10249.C034.12SS"
"594","10249.C034.13SS"
"595","10249.C034.14SS"
"596","10249.C034.15SD"
"597","10249.C034.15SS"
"598","10249.C034.16SS"
"599","10249.C034.17SD"
"600","10249.C034.17SS"
"601","10249.C035.01SS"
"602","10249.C035.02SS"
"603","10249.C035.03SS"
"604","10249.C035.04SS"
"605","10249.C035.05SS"
"606","10249.C035.06SD"
"607","10249.C035.06SS"
"608","10249.C035.07SD"
"609","10249.C035.07SS"
"610","10249.C035.08SS"
"611","10249.C035.09SS"
"612","10249.C035.10SS"
"613","10249.C035.11SS"
"614","10249.C035.12SD"
"615","10249.C035.12SS"
"616","10249.C035.13SD"
"617","10249.C035.13SS"
"618","10249.C035.14SD"
"619","10249.C035.14SS"
"620","10249.C035.15SD"
"621","10249.C035.15SS"
"622","10249.C035.16SS"
"623","10249.C035.17SS"
"624","10249.C036.01SS"
"625","10249.C036.02SS"
"626","10249.C036.03SS"
"627","10249.C036.04SS"
"628","10249.C036.05SD"
"629","10249.C036.05SS"
"630","10249.C036.07SS"
"631","10249.C036.08SS"
"632","10249.C036.09SS"
"633","10249.C036.10SS"
"634","10249.C036.11SS"
"635","10249.C036.12SS"
"636","10249.C036.13SS"
"637","10249.C036.14SD"
"638","10249.C036.14SS"
"639","10249.C036.15SS"
"640","10249.C036.16SS"
"641","10249.C037.01SS"
"642","10249.C037.02SS"
"643","10249.C037.04SS"
"644","10249.C037.05SS"
"645","10249.C037.06SS"
"646","10249.C037.07SS"
"647","10249.C037.08SS"
"648","10249.C037.09SS"
"649","10249.C037.10SS"
"650","10249.C037.11SS"
"651","10249.C037.12SD"
"652","10249.C037.12SS"
"653","10249.C037.13SD"
"654","10249.C037.13SS"
"655","10249.C037.14SS"
"656","10249.C037.15SS"
"657","10249.C037.16SS"
"658","10249.C037.17SS"
"659","10249.C037.18SS"
"660","10249.C038.01SS"
"661","10249.C038.02SS"
"662","10249.C038.04SS"
"663","10249.C038.05SD"
"664","10249.C038.05SS"
"665","10249.C038.06SD"
"666","10249.C038.06SS"
"667","10249.C038.07SD"
"668","10249.C038.07SS"
"669","10249.C038.08SS"
"670","10249.C038.09SS"
"671","10249.C038.10SS"
"672","10249.C038.11SS"
"673","10249.C038.12SD"
"674","10249.C038.12SS"
"675","10249.C038.13SD"
"676","10249.C038.13SS"
"677","10249.C038.14SS"
"678","10249.C038.15SD"
"679","10249.C038.15SS"
"680","10249.C038.16SD"
"681","10249.C038.16SS"
"682","10249.C038.18SS"
"683","10249.C041.01SS"
"684","10249.C041.02SS"
"685","10249.C041.03SS"
"686","10249.C041.04SS"
"687","10249.C041.05SD"
"688","10249.C041.05SS"
"689","10249.C041.06SD"
"690","10249.C041.06SS"
"691","10249.C041.08SS"
"692","10249.C041.09SS"
"693","10249.C041.10SS"
"694","10249.C041.11SS"
"695","10249.C041.12SS"
"696","10249.C041.13SD"
"697","10249.C041.13SS"
"698","10249.C041.14SD"
"699","10249.C041.14SS"
"700","10249.C041.16SD"
"701","10249.C041.16SS"
"702","10249.C041.17SD"
"703","10249.C041.17SS"
"704","10249.C041.18SS"
"705","10249.C041.19SS"
"706","10249.C041.20SS"
"707","10249.C042.01SS"
"708","10249.C042.02SS"
"709","10249.C042.03SS"
"710","10249.C042.04SS"
"711","10249.C042.05SS"
"712","10249.C042.06SD"
"713","10249.C042.06SS"
"714","10249.C042.07SS"
"715","10249.C042.08SS"
"716","10249.C042.09SS"
"717","10249.C042.10SS"
"718","10249.C042.11SD"
"719","10249.C042.11SS"
"720","10249.C042.12SS"
"721","10249.C042.13SS"
"722","10249.C042.14SD"
"723","10249.C042.14SS"
"724","10249.C042.15SD"
"725","10249.C042.15SS"
"726","10249.C042.16SS"
"727","10249.C042.17SS"
"728","10249.C043.01SS"
"729","10249.C043.02SS"
"730","10249.C043.03SS"
"731","10249.C043.04SD"
"732","10249.C043.04SS"
"733","10249.C043.05SD"
"734","10249.C043.05SS"
"735","10249.C043.06SS"
"736","10249.C043.07SS"
"737","10249.C043.08SS"
"738","10249.C043.09SS"
"739","10249.C043.10SD"
"740","10249.C043.10SS"
"741","10249.C043.11SD"
"742","10249.C043.11SS"
"743","10249.C043.12SD"
"744","10249.C043.12SS"
"745","10249.C043.14SS"
"746","10249.C043.15SD"
"747","10249.C043.15SS"
"748","10249.C043.16SS"
"749","10249.C043.17SS"
"750","10249.C043.18SS"
"751","10249.C043.19SS"
"752","10249.C043.20SS"
"753","10249.C044.01SS"
"754","10249.C044.02SS"
"755","10249.C044.03SS"
"756","10249.C044.04SS"
"757","10249.C044.05SS"
"758","10249.C044.06SS"
"759","10249.C044.07SS"
"760","10249.C044.08SS"
"761","10249.C044.09SS"
"762","10249.C044.10SS"
"763","10249.C044.11SS"
"764","10249.C044.12SD"
"765","10249.C044.12SS"
"766","10249.C044.13SD"
"767","10249.C044.13SS"
"768","10249.C044.15SD"
"769","10249.C044.15SS"
"770","10249.C044.16SS"
"771","10249.C044.17SS"
"772","10249.C045.01SS"
"773","10249.C045.02SS"
"774","10249.C045.03SS"
"775","10249.C045.04SS"
"776","10249.C045.05SD"
"777","10249.C045.05SS"
"778","10249.C045.06SS"
"779","10249.C045.08SD"
"780","10249.C045.08SS"
"781","10249.C045.09SD"
"782","10249.C045.09SS"
"783","10249.C045.10SD"
"784","10249.C045.10SS"
"785","10249.C045.11SS"
"786","10249.C045.12SS"
"787","10249.C045.13SS"
"788","10249.C046.01SS"
"789","10249.C046.02SS"
"790","10249.C046.03SS"
"791","10249.C046.04SS"
"792","10249.C046.05SS"
"793","10249.C046.06SD"
"794","10249.C046.06SS"
"795","10249.C046.07SD"
"796","10249.C046.07SS"
"797","10249.C046.08SS"
"798","10249.C046.09SD"
"799","10249.C046.09SS"
"800","10249.C046.10SD"
"801","10249.C046.10SS"
"802","10249.C046.11SD"
"803","10249.C046.11SS"
"804","10249.C046.12SS"
"805","10249.C046.13SS"
"806","10249.C046.14SS"
"807","10249.C047.02SD"
"808","10249.C047.02SS"
"809","10249.C047.05SS"
"810","10249.C047.06SD"
"811","10249.C047.06SS"
"812","10249.C047.07SD"
"813","10249.C047.07SS"
"814","10249.C047.08SD"
"815","10249.C047.08SS"
"816","10249.C047.09SS"
"817","10249.C047.10SS"
"818","10249.C047.11SS"
"819","10249.C047.13SS"
"820","10249.C049.01SS"
"821","10249.C049.02SD"
"822","10249.C049.02SS"
"823","10249.C049.03SD"
"824","10249.C049.03SS"
"825","10249.C049.04SS"
"826","10249.C049.07SD"
"827","10249.C049.07SS"
"828","10249.C049.08SD"
"829","10249.C049.08SS"
"830","10249.C049.09SD"
"831","10249.C049.09SS"
"832","10249.C049.10SS"
"833","10249.C049.11SS"
"834","10249.C049.12SS"
"835","10249.C049.13SS"
"836","10249.C049.14SS"
"837","10249.C052.02SS"
"838","10249.C052.03SD"
"839","10249.C052.03SS"
"840","10249.C052.04SD"
"841","10249.C052.04SS"
"842","10249.C052.05SD"
"843","10249.C052.06SS"
"844","10249.C052.07SS"
"845","10249.C052.08SS"
"846","10249.C052.09SS"
"847","10249.C053.02SD"
"848","10249.C053.02SS"
"849","10249.C053.03SD"
"850","10249.C053.03SS"
"851","10249.C053.04SD"
"852","10249.C053.04SS"
"853","10249.C053.05SD"
"854","10249.C053.05SS"
"855","10249.C053.06SS"
"856","10249.C053.07SS"
"857","10249.C053.08SS"
"858","10249.C053.09SS"
"859","10249.C055.01SS"
"860","10249.C055.02SD"
"861","10249.C055.02SS"
"862","10249.C055.03SD"
"863","10249.C055.03SS"
"864","10249.C055.04SD"
"865","10249.C055.04SS"
"866","10249.C055.05SD"
"867","10249.C055.05SS"
"868","10249.C055.06SS"
"869","10249.C055.07SS"
"870","10249.C055.08SS"
"871","10249.C055.09SS"
"872","10249.C056.01SS"
"873","10249.C056.02SS"
"874","10249.C056.03SD"
"875","10249.C056.03SS"
"876","10249.C056.04SD"
"877","10249.C056.04SS"
"878","10249.C056.05SD"
"879","10249.C056.05SS"
"880","10249.C056.06SS"
"881","10249.C056.07SS"
"882","10249.C056.08SS"
"883","10249.C056.09SS"
"884","10249.C056.10SS"
"885","10249.C057.02SS"
"886","10249.C057.03SD"
"887","10249.C057.03SS"
"888","10249.C057.04SD"
"889","10249.C057.04SS"
"890","10249.C057.05SD"
"891","10249.C057.05SS"
"892","10249.C057.06SS"
"893","10249.C057.08SS"
"894","10249.C057.09SS"
"895","10249.C057.10SS"
"896","10249.C057.11SS"
